<application>
  <component name="SettingsSyncPlugins">
    <option name="plugins">
      <map>
        <entry key="Key Promoter X">
          <value>
            <PluginData>
              <option name="dependencies">
                <set>
                  <option value="com.intellij.modules.lang" />
                </set>
              </option>
            </PluginData>
          </value>
        </entry>
        <entry key="com.developerphil.adbidea">
          <value>
            <PluginData>
              <option name="dependencies">
                <set>
                  <option value="com.intellij.modules.androidstudio" />
                  <option value="com.intellij.modules.platform" />
                  <option value="org.jetbrains.android" />
                </set>
              </option>
            </PluginData>
          </value>
        </entry>
        <entry key="com.intellij.marketplace">
          <value>
            <PluginData>
              <option name="dependencies">
                <set>
                  <option value="com.intellij.modules.lang" />
                </set>
              </option>
            </PluginData>
          </value>
        </entry>
        <entry key="com.mallowigi.idea">
          <value>
            <PluginData>
              <option name="dependencies">
                <set>
                  <option value="com.intellij.modules.platform" />
                </set>
              </option>
            </PluginData>
          </value>
        </entry>
        <entry key="com.markskelton.one-dark-theme">
          <value>
            <PluginData>
              <option name="dependencies">
                <set>
                  <option value="com.intellij.modules.platform" />
                </set>
              </option>
            </PluginData>
          </value>
        </entry>
        <entry key="com.samdark.intellij-visual-studio-code-dark-plus">
          <value>
            <PluginData>
              <option name="category" value="UI" />
              <option name="dependencies">
                <set>
                  <option value="com.intellij.modules.lang" />
                </set>
              </option>
            </PluginData>
          </value>
        </entry>
        <entry key="izhangzhihao.rainbow.brackets">
          <value>
            <PluginData>
              <option name="dependencies">
                <set>
                  <option value="com.intellij.modules.lang" />
                </set>
              </option>
            </PluginData>
          </value>
        </entry>
      </map>
    </option>
  </component>
</application>